{
  "name": "mod2-play",
  "type": "clab",
  "clab": {
    "config": {
      "prefix": "clab",
      "mgmt": {
        "network": "clab",
        "bridge": "br-546dad099e4b",
        "ipv4-subnet": "172.20.20.0/24",
        "ipv4-gw": "172.20.20.1",
        "ipv6-subnet": "2001:172:20:20::/64",
        "ipv6-gw": "2001:172:20:20::1",
        "mtu": "1500",
        "external-access": true
      }
    }
  },
  "nodes": {
    "lan1": {
      "index": "0",
      "shortname": "lan1",
      "longname": "clab-mod2-play-lan1",
      "fqdn": "lan1.mod2-play.io",
      "group": "",
      "labdir": "/home/vagrant/npp-linux-02-router/demo1-cli/clab-mod2-play/lan1",
      "kind": "linux",
      "image": "ekellercu/network-testing:v0.1",
      "mgmt-net": "",
      "mgmt-intf": "",
      "mgmt-ipv4-address": "172.20.20.3",
      "mgmt-ipv4-prefix-length": 24,
      "mgmt-ipv6-address": "2001:172:20:20::3",
      "mgmt-ipv6-prefix-length": 64,
      "mac-address": "",
      "labels": {
        "clab-mgmt-net-bridge": "br-546dad099e4b",
        "clab-node-group": "",
        "clab-node-kind": "linux",
        "clab-node-lab-dir": "/home/vagrant/npp-linux-02-router/demo1-cli/clab-mod2-play/lan1",
        "clab-node-name": "lan1",
        "clab-node-type": "",
        "clab-topo-file": "/home/vagrant/npp-linux-02-router/demo1-cli/3lan-mod2.clab.yml",
        "containerlab": "mod2-play"
      },
      "port-bindings": [
      ]
    },
    "lan2": {
      "index": "1",
      "shortname": "lan2",
      "longname": "clab-mod2-play-lan2",
      "fqdn": "lan2.mod2-play.io",
      "group": "",
      "labdir": "/home/vagrant/npp-linux-02-router/demo1-cli/clab-mod2-play/lan2",
      "kind": "linux",
      "image": "ekellercu/network-testing:v0.1",
      "mgmt-net": "",
      "mgmt-intf": "",
      "mgmt-ipv4-address": "172.20.20.4",
      "mgmt-ipv4-prefix-length": 24,
      "mgmt-ipv6-address": "2001:172:20:20::4",
      "mgmt-ipv6-prefix-length": 64,
      "mac-address": "",
      "labels": {
        "clab-mgmt-net-bridge": "br-546dad099e4b",
        "clab-node-group": "",
        "clab-node-kind": "linux",
        "clab-node-lab-dir": "/home/vagrant/npp-linux-02-router/demo1-cli/clab-mod2-play/lan2",
        "clab-node-name": "lan2",
        "clab-node-type": "",
        "clab-topo-file": "/home/vagrant/npp-linux-02-router/demo1-cli/3lan-mod2.clab.yml",
        "containerlab": "mod2-play"
      },
      "port-bindings": [
      ]
    },
    "lan3": {
      "index": "2",
      "shortname": "lan3",
      "longname": "clab-mod2-play-lan3",
      "fqdn": "lan3.mod2-play.io",
      "group": "",
      "labdir": "/home/vagrant/npp-linux-02-router/demo1-cli/clab-mod2-play/lan3",
      "kind": "linux",
      "image": "ekellercu/network-testing:v0.1",
      "mgmt-net": "",
      "mgmt-intf": "",
      "mgmt-ipv4-address": "172.20.20.5",
      "mgmt-ipv4-prefix-length": 24,
      "mgmt-ipv6-address": "2001:172:20:20::5",
      "mgmt-ipv6-prefix-length": 64,
      "mac-address": "",
      "labels": {
        "clab-mgmt-net-bridge": "br-546dad099e4b",
        "clab-node-group": "",
        "clab-node-kind": "linux",
        "clab-node-lab-dir": "/home/vagrant/npp-linux-02-router/demo1-cli/clab-mod2-play/lan3",
        "clab-node-name": "lan3",
        "clab-node-type": "",
        "clab-topo-file": "/home/vagrant/npp-linux-02-router/demo1-cli/3lan-mod2.clab.yml",
        "containerlab": "mod2-play"
      },
      "port-bindings": [
      ]
    },
    "rtr": {
      "index": "3",
      "shortname": "rtr",
      "longname": "clab-mod2-play-rtr",
      "fqdn": "rtr.mod2-play.io",
      "group": "",
      "labdir": "/home/vagrant/npp-linux-02-router/demo1-cli/clab-mod2-play/rtr",
      "kind": "linux",
      "image": "ekellercu/network-testing:v0.1",
      "mgmt-net": "",
      "mgmt-intf": "",
      "mgmt-ipv4-address": "172.20.20.2",
      "mgmt-ipv4-prefix-length": 24,
      "mgmt-ipv6-address": "2001:172:20:20::2",
      "mgmt-ipv6-prefix-length": 64,
      "mac-address": "",
      "labels": {
        "clab-mgmt-net-bridge": "br-546dad099e4b",
        "clab-node-group": "",
        "clab-node-kind": "linux",
        "clab-node-lab-dir": "/home/vagrant/npp-linux-02-router/demo1-cli/clab-mod2-play/rtr",
        "clab-node-name": "rtr",
        "clab-node-type": "",
        "clab-topo-file": "/home/vagrant/npp-linux-02-router/demo1-cli/3lan-mod2.clab.yml",
        "containerlab": "mod2-play"
      },
      "port-bindings": [
      ]
    }
  },
  "links": [
    {
      "a": {
        "node": "lan1",
        "interface": "eth1",
        "mac": "aa:c1:ab:bb:66:ee",
        "peer": "z"
      },
      "z": {
        "node": "rtr",
        "interface": "eth1",
        "mac": "aa:c1:ab:ca:9c:0e",
        "peer": "a"
      }
    },
    {
      "a": {
        "node": "lan2",
        "interface": "eth1",
        "mac": "aa:c1:ab:d4:5c:8a",
        "peer": "z"
      },
      "z": {
        "node": "rtr",
        "interface": "eth2",
        "mac": "aa:c1:ab:fd:3d:f0",
        "peer": "a"
      }
    },
    {
      "a": {
        "node": "lan3",
        "interface": "eth1",
        "mac": "aa:c1:ab:6e:66:16",
        "peer": "z"
      },
      "z": {
        "node": "rtr",
        "interface": "eth3",
        "mac": "aa:c1:ab:4b:1d:f4",
        "peer": "a"
      }
    }
  ]
}
