{
  "name": "lab1-part1",
  "type": "clab",
  "clab": {
    "config": {
      "prefix": "clab",
      "mgmt": {
        "network": "clab",
        "bridge": "br-5ba4cb693f91",
        "ipv4-subnet": "172.20.20.0/24",
        "ipv4-gw": "172.20.20.1",
        "ipv6-subnet": "2001:172:20:20::/64",
        "ipv6-gw": "2001:172:20:20::1",
        "mtu": "1500",
        "external-access": true
      }
    }
  },
  "nodes": {
    "host1": {
      "index": "0",
      "shortname": "host1",
      "longname": "clab-lab1-part1-host1",
      "fqdn": "host1.lab1-part1.io",
      "group": "",
      "labdir": "/home/vagrant/npp-linux-01-intro/demo1/clab-lab1-part1/host1",
      "kind": "linux",
      "image": "ekellercu/network-testing:v0.1",
      "mgmt-net": "",
      "mgmt-intf": "",
      "mgmt-ipv4-address": "172.20.20.6",
      "mgmt-ipv4-prefix-length": 24,
      "mgmt-ipv6-address": "2001:172:20:20::6",
      "mgmt-ipv6-prefix-length": 64,
      "mac-address": "",
      "labels": {
        "clab-mgmt-net-bridge": "br-5ba4cb693f91",
        "clab-node-group": "",
        "clab-node-kind": "linux",
        "clab-node-lab-dir": "/home/vagrant/npp-linux-01-intro/demo1/clab-lab1-part1/host1",
        "clab-node-name": "host1",
        "clab-node-type": "",
        "clab-topo-file": "/home/vagrant/npp-linux-01-intro/demo1/4node-part1.clab.yml",
        "containerlab": "lab1-part1"
      },
      "port-bindings": [
      ]
    },
    "host2": {
      "index": "1",
      "shortname": "host2",
      "longname": "clab-lab1-part1-host2",
      "fqdn": "host2.lab1-part1.io",
      "group": "",
      "labdir": "/home/vagrant/npp-linux-01-intro/demo1/clab-lab1-part1/host2",
      "kind": "linux",
      "image": "ekellercu/network-testing:v0.1",
      "mgmt-net": "",
      "mgmt-intf": "",
      "mgmt-ipv4-address": "172.20.20.2",
      "mgmt-ipv4-prefix-length": 24,
      "mgmt-ipv6-address": "2001:172:20:20::2",
      "mgmt-ipv6-prefix-length": 64,
      "mac-address": "",
      "labels": {
        "clab-mgmt-net-bridge": "br-5ba4cb693f91",
        "clab-node-group": "",
        "clab-node-kind": "linux",
        "clab-node-lab-dir": "/home/vagrant/npp-linux-01-intro/demo1/clab-lab1-part1/host2",
        "clab-node-name": "host2",
        "clab-node-type": "",
        "clab-topo-file": "/home/vagrant/npp-linux-01-intro/demo1/4node-part1.clab.yml",
        "containerlab": "lab1-part1"
      },
      "port-bindings": [
      ]
    },
    "host3": {
      "index": "2",
      "shortname": "host3",
      "longname": "clab-lab1-part1-host3",
      "fqdn": "host3.lab1-part1.io",
      "group": "",
      "labdir": "/home/vagrant/npp-linux-01-intro/demo1/clab-lab1-part1/host3",
      "kind": "linux",
      "image": "ekellercu/network-testing:v0.1",
      "mgmt-net": "",
      "mgmt-intf": "",
      "mgmt-ipv4-address": "172.20.20.3",
      "mgmt-ipv4-prefix-length": 24,
      "mgmt-ipv6-address": "2001:172:20:20::3",
      "mgmt-ipv6-prefix-length": 64,
      "mac-address": "",
      "labels": {
        "clab-mgmt-net-bridge": "br-5ba4cb693f91",
        "clab-node-group": "",
        "clab-node-kind": "linux",
        "clab-node-lab-dir": "/home/vagrant/npp-linux-01-intro/demo1/clab-lab1-part1/host3",
        "clab-node-name": "host3",
        "clab-node-type": "",
        "clab-topo-file": "/home/vagrant/npp-linux-01-intro/demo1/4node-part1.clab.yml",
        "containerlab": "lab1-part1"
      },
      "port-bindings": [
      ]
    },
    "host4": {
      "index": "3",
      "shortname": "host4",
      "longname": "clab-lab1-part1-host4",
      "fqdn": "host4.lab1-part1.io",
      "group": "",
      "labdir": "/home/vagrant/npp-linux-01-intro/demo1/clab-lab1-part1/host4",
      "kind": "linux",
      "image": "ekellercu/network-testing:v0.1",
      "mgmt-net": "",
      "mgmt-intf": "",
      "mgmt-ipv4-address": "172.20.20.4",
      "mgmt-ipv4-prefix-length": 24,
      "mgmt-ipv6-address": "2001:172:20:20::4",
      "mgmt-ipv6-prefix-length": 64,
      "mac-address": "",
      "labels": {
        "clab-mgmt-net-bridge": "br-5ba4cb693f91",
        "clab-node-group": "",
        "clab-node-kind": "linux",
        "clab-node-lab-dir": "/home/vagrant/npp-linux-01-intro/demo1/clab-lab1-part1/host4",
        "clab-node-name": "host4",
        "clab-node-type": "",
        "clab-topo-file": "/home/vagrant/npp-linux-01-intro/demo1/4node-part1.clab.yml",
        "containerlab": "lab1-part1"
      },
      "port-bindings": [
      ]
    },
    "switch": {
      "index": "4",
      "shortname": "switch",
      "longname": "clab-lab1-part1-switch",
      "fqdn": "switch.lab1-part1.io",
      "group": "",
      "labdir": "/home/vagrant/npp-linux-01-intro/demo1/clab-lab1-part1/switch",
      "kind": "linux",
      "image": "ekellercu/network-testing:v0.1",
      "mgmt-net": "",
      "mgmt-intf": "",
      "mgmt-ipv4-address": "172.20.20.5",
      "mgmt-ipv4-prefix-length": 24,
      "mgmt-ipv6-address": "2001:172:20:20::5",
      "mgmt-ipv6-prefix-length": 64,
      "mac-address": "",
      "labels": {
        "clab-mgmt-net-bridge": "br-5ba4cb693f91",
        "clab-node-group": "",
        "clab-node-kind": "linux",
        "clab-node-lab-dir": "/home/vagrant/npp-linux-01-intro/demo1/clab-lab1-part1/switch",
        "clab-node-name": "switch",
        "clab-node-type": "",
        "clab-topo-file": "/home/vagrant/npp-linux-01-intro/demo1/4node-part1.clab.yml",
        "containerlab": "lab1-part1"
      },
      "port-bindings": [
      ]
    }
  },
  "links": [
    {
      "a": {
        "node": "host1",
        "interface": "eth1",
        "mac": "aa:c1:ab:5a:da:2b",
        "peer": "z"
      },
      "z": {
        "node": "switch",
        "interface": "eth1",
        "mac": "aa:c1:ab:dd:99:a7",
        "peer": "a"
      }
    },
    {
      "a": {
        "node": "host2",
        "interface": "eth1",
        "mac": "aa:c1:ab:ac:31:d1",
        "peer": "z"
      },
      "z": {
        "node": "switch",
        "interface": "eth2",
        "mac": "aa:c1:ab:ed:0d:da",
        "peer": "a"
      }
    },
    {
      "a": {
        "node": "host3",
        "interface": "eth1",
        "mac": "aa:c1:ab:2a:00:f0",
        "peer": "z"
      },
      "z": {
        "node": "switch",
        "interface": "eth3",
        "mac": "aa:c1:ab:59:1f:17",
        "peer": "a"
      }
    },
    {
      "a": {
        "node": "host4",
        "interface": "eth1",
        "mac": "aa:c1:ab:0c:73:8a",
        "peer": "z"
      },
      "z": {
        "node": "switch",
        "interface": "eth4",
        "mac": "aa:c1:ab:bf:43:ce",
        "peer": "a"
      }
    }
  ]
}
