{
  "name": "mod3-2ext2int",
  "type": "clab",
  "clab": {
    "config": {
      "prefix": "clab",
      "mgmt": {
        "network": "clab",
        "bridge": "br-f6f0c70e7aa8",
        "ipv4-subnet": "172.20.20.0/24",
        "ipv4-gw": "172.20.20.1",
        "ipv6-subnet": "2001:172:20:20::/64",
        "ipv6-gw": "2001:172:20:20::1",
        "mtu": "1500",
        "external-access": true
      }
    }
  },
  "nodes": {
    "br-ext": {
      "index": "0",
      "shortname": "br-ext",
      "longname": "clab-mod3-2ext2int-br-ext",
      "fqdn": "br-ext.mod3-2ext2int.io",
      "group": "",
      "labdir": "/home/vagrant/npp-linux-03-gateway/common-setup/clab-mod3-2ext2int/br-ext",
      "kind": "bridge",
      "image": "",
      "mgmt-net": "",
      "mgmt-intf": "",
      "mgmt-ipv4-address": "",
      "mgmt-ipv4-prefix-length": 0,
      "mgmt-ipv6-address": "",
      "mgmt-ipv6-prefix-length": 0,
      "mac-address": "",
      "labels": {
        "clab-mgmt-net-bridge": "br-f6f0c70e7aa8",
        "clab-node-group": "",
        "clab-node-kind": "bridge",
        "clab-node-lab-dir": "/home/vagrant/npp-linux-03-gateway/common-setup/clab-mod3-2ext2int/br-ext",
        "clab-node-name": "br-ext",
        "clab-node-type": "",
        "clab-topo-file": "/home/vagrant/npp-linux-03-gateway/common-setup/2ext2int-mod3.clab.yml",
        "containerlab": "mod3-2ext2int"
      },
      "port-bindings": [
      ]
    },
    "br-int": {
      "index": "1",
      "shortname": "br-int",
      "longname": "clab-mod3-2ext2int-br-int",
      "fqdn": "br-int.mod3-2ext2int.io",
      "group": "",
      "labdir": "/home/vagrant/npp-linux-03-gateway/common-setup/clab-mod3-2ext2int/br-int",
      "kind": "bridge",
      "image": "",
      "mgmt-net": "",
      "mgmt-intf": "",
      "mgmt-ipv4-address": "",
      "mgmt-ipv4-prefix-length": 0,
      "mgmt-ipv6-address": "",
      "mgmt-ipv6-prefix-length": 0,
      "mac-address": "",
      "labels": {
        "clab-mgmt-net-bridge": "br-f6f0c70e7aa8",
        "clab-node-group": "",
        "clab-node-kind": "bridge",
        "clab-node-lab-dir": "/home/vagrant/npp-linux-03-gateway/common-setup/clab-mod3-2ext2int/br-int",
        "clab-node-name": "br-int",
        "clab-node-type": "",
        "clab-topo-file": "/home/vagrant/npp-linux-03-gateway/common-setup/2ext2int-mod3.clab.yml",
        "containerlab": "mod3-2ext2int"
      },
      "port-bindings": [
      ]
    },
    "ext1": {
      "index": "2",
      "shortname": "ext1",
      "longname": "clab-mod3-2ext2int-ext1",
      "fqdn": "ext1.mod3-2ext2int.io",
      "group": "",
      "labdir": "/home/vagrant/npp-linux-03-gateway/common-setup/clab-mod3-2ext2int/ext1",
      "kind": "linux",
      "image": "ekellercu/network-testing:v0.1",
      "mgmt-net": "",
      "mgmt-intf": "",
      "mgmt-ipv4-address": "172.20.20.3",
      "mgmt-ipv4-prefix-length": 24,
      "mgmt-ipv6-address": "2001:172:20:20::3",
      "mgmt-ipv6-prefix-length": 64,
      "mac-address": "",
      "labels": {
        "clab-mgmt-net-bridge": "br-f6f0c70e7aa8",
        "clab-node-group": "",
        "clab-node-kind": "linux",
        "clab-node-lab-dir": "/home/vagrant/npp-linux-03-gateway/common-setup/clab-mod3-2ext2int/ext1",
        "clab-node-name": "ext1",
        "clab-node-type": "",
        "clab-topo-file": "/home/vagrant/npp-linux-03-gateway/common-setup/2ext2int-mod3.clab.yml",
        "containerlab": "mod3-2ext2int"
      },
      "port-bindings": [
      ]
    },
    "ext2": {
      "index": "3",
      "shortname": "ext2",
      "longname": "clab-mod3-2ext2int-ext2",
      "fqdn": "ext2.mod3-2ext2int.io",
      "group": "",
      "labdir": "/home/vagrant/npp-linux-03-gateway/common-setup/clab-mod3-2ext2int/ext2",
      "kind": "linux",
      "image": "ekellercu/network-testing:v0.1",
      "mgmt-net": "",
      "mgmt-intf": "",
      "mgmt-ipv4-address": "172.20.20.4",
      "mgmt-ipv4-prefix-length": 24,
      "mgmt-ipv6-address": "2001:172:20:20::4",
      "mgmt-ipv6-prefix-length": 64,
      "mac-address": "",
      "labels": {
        "clab-mgmt-net-bridge": "br-f6f0c70e7aa8",
        "clab-node-group": "",
        "clab-node-kind": "linux",
        "clab-node-lab-dir": "/home/vagrant/npp-linux-03-gateway/common-setup/clab-mod3-2ext2int/ext2",
        "clab-node-name": "ext2",
        "clab-node-type": "",
        "clab-topo-file": "/home/vagrant/npp-linux-03-gateway/common-setup/2ext2int-mod3.clab.yml",
        "containerlab": "mod3-2ext2int"
      },
      "port-bindings": [
      ]
    },
    "gw": {
      "index": "4",
      "shortname": "gw",
      "longname": "clab-mod3-2ext2int-gw",
      "fqdn": "gw.mod3-2ext2int.io",
      "group": "",
      "labdir": "/home/vagrant/npp-linux-03-gateway/common-setup/clab-mod3-2ext2int/gw",
      "kind": "linux",
      "image": "ekellercu/network-testing:v0.1",
      "mgmt-net": "",
      "mgmt-intf": "",
      "mgmt-ipv4-address": "172.20.20.5",
      "mgmt-ipv4-prefix-length": 24,
      "mgmt-ipv6-address": "2001:172:20:20::5",
      "mgmt-ipv6-prefix-length": 64,
      "mac-address": "",
      "labels": {
        "clab-mgmt-net-bridge": "br-f6f0c70e7aa8",
        "clab-node-group": "",
        "clab-node-kind": "linux",
        "clab-node-lab-dir": "/home/vagrant/npp-linux-03-gateway/common-setup/clab-mod3-2ext2int/gw",
        "clab-node-name": "gw",
        "clab-node-type": "",
        "clab-topo-file": "/home/vagrant/npp-linux-03-gateway/common-setup/2ext2int-mod3.clab.yml",
        "containerlab": "mod3-2ext2int"
      },
      "port-bindings": [
      ]
    },
    "int1": {
      "index": "5",
      "shortname": "int1",
      "longname": "clab-mod3-2ext2int-int1",
      "fqdn": "int1.mod3-2ext2int.io",
      "group": "",
      "labdir": "/home/vagrant/npp-linux-03-gateway/common-setup/clab-mod3-2ext2int/int1",
      "kind": "linux",
      "image": "ekellercu/network-testing:v0.1",
      "mgmt-net": "",
      "mgmt-intf": "",
      "mgmt-ipv4-address": "172.20.20.6",
      "mgmt-ipv4-prefix-length": 24,
      "mgmt-ipv6-address": "2001:172:20:20::6",
      "mgmt-ipv6-prefix-length": 64,
      "mac-address": "",
      "labels": {
        "clab-mgmt-net-bridge": "br-f6f0c70e7aa8",
        "clab-node-group": "",
        "clab-node-kind": "linux",
        "clab-node-lab-dir": "/home/vagrant/npp-linux-03-gateway/common-setup/clab-mod3-2ext2int/int1",
        "clab-node-name": "int1",
        "clab-node-type": "",
        "clab-topo-file": "/home/vagrant/npp-linux-03-gateway/common-setup/2ext2int-mod3.clab.yml",
        "containerlab": "mod3-2ext2int"
      },
      "port-bindings": [
      ]
    },
    "int2": {
      "index": "6",
      "shortname": "int2",
      "longname": "clab-mod3-2ext2int-int2",
      "fqdn": "int2.mod3-2ext2int.io",
      "group": "",
      "labdir": "/home/vagrant/npp-linux-03-gateway/common-setup/clab-mod3-2ext2int/int2",
      "kind": "linux",
      "image": "ekellercu/network-testing:v0.1",
      "mgmt-net": "",
      "mgmt-intf": "",
      "mgmt-ipv4-address": "172.20.20.2",
      "mgmt-ipv4-prefix-length": 24,
      "mgmt-ipv6-address": "2001:172:20:20::2",
      "mgmt-ipv6-prefix-length": 64,
      "mac-address": "",
      "labels": {
        "clab-mgmt-net-bridge": "br-f6f0c70e7aa8",
        "clab-node-group": "",
        "clab-node-kind": "linux",
        "clab-node-lab-dir": "/home/vagrant/npp-linux-03-gateway/common-setup/clab-mod3-2ext2int/int2",
        "clab-node-name": "int2",
        "clab-node-type": "",
        "clab-topo-file": "/home/vagrant/npp-linux-03-gateway/common-setup/2ext2int-mod3.clab.yml",
        "containerlab": "mod3-2ext2int"
      },
      "port-bindings": [
      ]
    }
  },
  "links": [
    {
      "a": {
        "node": "ext1",
        "interface": "eth1",
        "mac": "aa:c1:ab:92:ce:8a",
        "peer": "z"
      },
      "z": {
        "node": "br-ext",
        "interface": "eth1",
        "mac": "aa:c1:ab:af:e3:0e",
        "peer": "a"
      }
    },
    {
      "a": {
        "node": "ext2",
        "interface": "eth1",
        "mac": "aa:c1:ab:77:fd:90",
        "peer": "z"
      },
      "z": {
        "node": "br-ext",
        "interface": "eth2",
        "mac": "aa:c1:ab:3c:2f:10",
        "peer": "a"
      }
    },
    {
      "a": {
        "node": "gw",
        "interface": "eth1",
        "mac": "aa:c1:ab:2c:52:5c",
        "peer": "z"
      },
      "z": {
        "node": "br-ext",
        "interface": "eth3",
        "mac": "aa:c1:ab:79:cd:f3",
        "peer": "a"
      }
    },
    {
      "a": {
        "node": "int1",
        "interface": "eth1",
        "mac": "aa:c1:ab:f1:c4:05",
        "peer": "z"
      },
      "z": {
        "node": "br-int",
        "interface": "eth4",
        "mac": "aa:c1:ab:89:ea:49",
        "peer": "a"
      }
    },
    {
      "a": {
        "node": "int2",
        "interface": "eth1",
        "mac": "aa:c1:ab:a1:2f:07",
        "peer": "z"
      },
      "z": {
        "node": "br-int",
        "interface": "eth5",
        "mac": "aa:c1:ab:76:03:b3",
        "peer": "a"
      }
    },
    {
      "a": {
        "node": "gw",
        "interface": "eth2",
        "mac": "aa:c1:ab:3e:bb:e7",
        "peer": "z"
      },
      "z": {
        "node": "br-int",
        "interface": "eth6",
        "mac": "aa:c1:ab:39:78:02",
        "peer": "a"
      }
    }
  ]
}
